train_error,val_error,test_error
0.1087048936751671,0.1115827672183513,0.1118475380353629
0.1111423738184385,0.1115726232528686,0.111746147274971
0.1089050002628937,0.1116086668334901,0.1118058538995683
